product_id,product_name,category,unit_price,supplier_id
P0001,Managed multi-tasking definition,Sports,1046.59,S53
P0002,Enhanced multimedia strategy,Toys,1421.27,S21
P0003,Networked eco-centric installation,Home Goods,739.28,S56
P0004,Right-sized intermediate toolset,Home Goods,1347.11,S51
P0005,Synchronized human-resource structure,Electronics,576.8,S87
P0006,Mandatory transitional model,Beauty,536.76,S78
P0007,Persistent full-range open architecture,Toys,498.53,S83
P0008,Customizable multimedia interface,Toys,753.97,S62
P0009,Digitized systemic interface,Beauty,1124.87,S14
P0010,Intuitive disintermediate Internet solution,Apparel,1491.88,S53
P0011,Enterprise-wide systematic success,Toys,896.95,S23
P0012,Upgradable actuating solution,Apparel,1304.08,S50
P0013,Public-key system-worthy Internet solution,Beauty,936.67,S79
P0014,Right-sized multi-state alliance,Sports,579.82,S02
P0015,Innovative solution-oriented superstructure,Books,1320.12,S06
P0016,Function-based fault-tolerant website,Beauty,232.73,S01
P0017,Versatile exuding data-warehouse,Home Goods,1343.33,S65
P0018,Reverse-engineered clear-thinking focus group,Apparel,329.15,S69
P0019,Virtual intangible standardization,Home Goods,609.54,S70
P0020,Virtual dynamic application,Sports,181.14,S69
P0021,Optional next generation function,Sports,1395.74,S27
P0022,Virtual mission-critical Graphic Interface,Electronics,8.44,S28
P0023,Reactive bifurcated collaboration,Home Goods,281.5,S26
P0024,Reduced explicit array,Books,295.22,S97
P0025,Integrated needs-based contingency,Toys,117.74,S27
P0026,Inverse static installation,Apparel,1015.82,S37
P0027,Enterprise-wide multimedia superstructure,Beauty,9.97,S75
P0028,Balanced exuding analyzer,Apparel,1376.1,S07
P0029,Progressive user-facing benchmark,Books,1388.44,S29
P0030,Decentralized real-time website,Books,1206.85,S58
P0031,Universal optimizing monitoring,Toys,529.73,S77
P0032,Decentralized bi-directional contingency,Books,123.08,S56
P0033,Sharable radical knowledge user,Toys,556.77,S80
P0034,Synergistic uniform toolset,Books,287.28,S75
P0035,Total leadingedge leverage,Home Goods,242.35,S41
P0036,Team-oriented asynchronous strategy,Toys,731.62,S37
P0037,Enhanced fresh-thinking orchestration,Beauty,1487.95,S59
P0038,Customer-focused multimedia focus group,Sports,816.16,S50
P0039,Right-sized mobile concept,Toys,1138.28,S67
P0040,Multi-layered incremental alliance,Apparel,354.89,S02
P0041,Optional static task-force,Apparel,309.26,S17
P0042,Realigned high-level budgetary management,Sports,133.83,S19
P0043,Sharable contextually-based matrices,Apparel,188.89,S32
P0044,Cross-platform eco-centric synergy,Home Goods,1198.21,S60
P0045,Re-engineered actuating flexibility,Beauty,517.76,S62
P0046,Synergized grid-enabled superstructure,Electronics,1390.22,S95
P0047,Balanced disintermediate parallelism,Electronics,622.42,S08
P0048,Up-sized grid-enabled extranet,Toys,169.19,S15
P0049,Sharable multi-state contingency,Home Goods,1441.7,S73
P0050,User-centric contextually-based conglomeration,Electronics,364.97,S12
P0051,Organized 3rdgeneration solution,Apparel,650.64,S18
P0052,Pre-emptive responsive migration,Books,592.22,S28
P0053,Assimilated uniform hierarchy,Toys,1053.68,S66
P0054,Universal system-worthy customer loyalty,Electronics,138.0,S88
P0055,Pre-emptive optimal open system,Books,848.34,S64
P0056,Universal secondary conglomeration,Electronics,361.13,S91
P0057,Cross-group system-worthy function,Electronics,1437.25,S53
P0058,Open-architected bandwidth-monitored paradigm,Sports,634.89,S44
P0059,Optional full-range software,Sports,893.38,S12
P0060,Self-enabling holistic open system,Electronics,624.83,S32
P0061,Horizontal composite protocol,Beauty,761.0,S47
P0062,Customer-focused didactic artificial intelligence,Books,1043.15,S07
P0063,Polarized real-time neural-net,Apparel,739.8,S12
P0064,Quality-focused system-worthy hub,Sports,24.07,S63
P0065,Centralized multi-state hub,Home Goods,34.4,S06
P0066,Networked asynchronous orchestration,Toys,357.66,S37
P0067,Function-based directional toolset,Sports,1389.49,S25
P0068,Cross-platform fresh-thinking superstructure,Beauty,329.7,S15
P0069,De-engineered asymmetric extranet,Sports,685.39,S88
P0070,Networked systemic budgetary management,Toys,1336.59,S85
P0071,Enhanced non-volatile hub,Sports,1365.24,S75
P0072,Optimized bi-directional throughput,Electronics,354.94,S30
P0073,Synchronized responsive Internet solution,Apparel,484.96,S36
P0074,Pre-emptive logistical structure,Electronics,1477.77,S25
P0075,De-engineered regional interface,Home Goods,274.96,S16
P0076,Extended stable pricing structure,Toys,1025.67,S23
P0077,Assimilated contextually-based open architecture,Electronics,843.91,S46
P0078,Cross-platform non-volatile model,Sports,794.66,S08
P0079,Exclusive stable framework,Beauty,1158.82,S22
P0080,Multi-layered multi-state productivity,Home Goods,1116.9,S07
P0081,Seamless regional functionalities,Books,193.96,S34
P0082,Public-key client-server function,Books,1320.2,S96
P0083,Assimilated explicit open architecture,Toys,1175.2,S24
P0084,Optional fresh-thinking product,Books,371.11,S55
P0085,Business-focused reciprocal solution,Home Goods,399.85,S55
P0086,Distributed contextually-based collaboration,Books,504.99,S73
P0087,Integrated clear-thinking archive,Beauty,167.45,S10
P0088,Inverse 5thgeneration complexity,Beauty,1180.22,S83
P0089,Synergistic bi-directional Local Area Network,Beauty,56.58,S65
P0090,Organized impactful matrices,Toys,1283.77,S08
P0091,Multi-channeled multimedia alliance,Electronics,922.28,S19
P0092,Distributed radical matrices,Apparel,530.8,S25
P0093,Focused explicit implementation,Sports,834.95,S70
P0094,Optional client-server secured line,Home Goods,1185.28,S72
P0095,Ameliorated high-level service-desk,Books,911.72,S53
P0096,Inverse zero tolerance moratorium,Toys,680.84,S60
P0097,Face-to-face asynchronous function,Books,765.16,S16
P0098,Business-focused static toolset,Apparel,738.04,S99
P0099,De-engineered neutral interface,Electronics,1292.13,S67
P0100,Enhanced modular function,Beauty,826.12,S10
P0101,Extended bottom-line superstructure,Beauty,701.84,S46
P0102,Synergized zero administration installation,Beauty,55.7,S56
P0103,Digitized directional customer loyalty,Beauty,1470.29,S14
P0104,Open-source needs-based model,Books,543.95,S34
P0105,Compatible full-range hierarchy,Electronics,1385.64,S74
P0106,Synchronized foreground help-desk,Beauty,19.01,S91
P0107,Profit-focused mission-critical workforce,Toys,990.48,S97
P0108,Optional multi-tasking strategy,Sports,225.94,S55
P0109,Multi-lateral encompassing function,Books,133.23,S42
P0110,Triple-buffered 5thgeneration infrastructure,Home Goods,1273.41,S46
P0111,Switchable client-driven encoding,Books,951.91,S18
P0112,Re-contextualized reciprocal challenge,Home Goods,624.84,S27
P0113,Monitored methodical benchmark,Beauty,1187.73,S86
P0114,Intuitive grid-enabled open system,Home Goods,1119.38,S44
P0115,Quality-focused needs-based process improvement,Sports,81.74,S84
P0116,Horizontal contextually-based capability,Toys,722.59,S27
P0117,Quality-focused system-worthy service-desk,Apparel,1492.84,S71
P0118,User-friendly background info-mediaries,Electronics,755.75,S75
P0119,Sharable hybrid framework,Electronics,130.71,S55
P0120,Up-sized human-resource secured line,Toys,8.55,S87
P0121,Reduced logistical open system,Home Goods,1111.36,S59
P0122,Configurable hybrid policy,Toys,32.15,S79
P0123,Adaptive exuding artificial intelligence,Beauty,1191.91,S01
P0124,Integrated executive ability,Toys,356.94,S90
P0125,Ergonomic mobile hierarchy,Toys,358.62,S09
P0126,Programmable transitional help-desk,Toys,699.97,S85
P0127,Digitized user-facing architecture,Beauty,742.14,S80
P0128,Future-proofed user-facing help-desk,Books,1126.63,S42
P0129,Adaptive system-worthy model,Toys,305.86,S60
P0130,User-friendly intangible projection,Sports,1114.02,S62
P0131,Monitored composite archive,Sports,275.03,S15
P0132,Grass-roots composite Graphic Interface,Books,1307.88,S35
P0133,Centralized neutral capacity,Beauty,564.99,S57
P0134,Organic disintermediate database,Sports,1477.22,S30
P0135,Distributed national collaboration,Toys,1241.51,S04
P0136,Switchable static process improvement,Sports,395.72,S12
P0137,Visionary executive project,Toys,855.39,S95
P0138,Digitized transitional projection,Beauty,1309.97,S97
P0139,Networked 24hour hierarchy,Home Goods,329.91,S73
P0140,Balanced reciprocal Graphic Interface,Toys,926.72,S85
P0141,Mandatory tangible Graphical User Interface,Beauty,1065.25,S23
P0142,Reactive context-sensitive help-desk,Apparel,1193.41,S58
P0143,Extended scalable migration,Apparel,1158.76,S45
P0144,Adaptive full-range core,Electronics,1469.99,S66
P0145,Innovative multi-tasking functionalities,Home Goods,707.16,S33
P0146,Centralized leadingedge infrastructure,Sports,202.0,S63
P0147,Multi-lateral human-resource access,Books,188.53,S20
P0148,Profit-focused tertiary focus group,Home Goods,785.1,S13
P0149,Reactive needs-based moderator,Home Goods,993.63,S25
P0150,Cloned tertiary forecast,Books,222.72,S41
P0151,Pre-emptive foreground knowledgebase,Apparel,675.84,S16
P0152,Pre-emptive static process improvement,Electronics,18.89,S88
P0153,Organic tangible leverage,Apparel,1048.53,S94
P0154,Integrated optimizing time-frame,Beauty,1379.36,S21
P0155,Up-sized bifurcated alliance,Books,533.27,S39
P0156,Cross-group user-facing success,Toys,554.42,S59
P0157,Assimilated 5thgeneration budgetary management,Sports,649.58,S28
P0158,Self-enabling 5thgeneration product,Home Goods,440.45,S43
P0159,Customer-focused mission-critical access,Books,1384.31,S88
P0160,Total local website,Home Goods,691.4,S36
P0161,Grass-roots empowering flexibility,Toys,513.72,S27
P0162,Function-based static budgetary management,Home Goods,116.03,S42
P0163,Advanced logistical complexity,Beauty,942.91,S64
P0164,Robust neutral neural-net,Sports,272.01,S06
P0165,Exclusive full-range projection,Home Goods,432.25,S65
P0166,Synchronized asymmetric access,Sports,677.2,S60
P0167,User-centric homogeneous encryption,Toys,1448.33,S26
P0168,Multi-channeled discrete artificial intelligence,Books,847.7,S64
P0169,Fully-configurable executive task-force,Apparel,438.57,S65
P0170,Assimilated content-based focus group,Sports,690.73,S60
P0171,Cloned modular analyzer,Apparel,1276.56,S22
P0172,Advanced mobile paradigm,Home Goods,996.88,S72
P0173,Switchable optimizing collaboration,Home Goods,435.84,S10
P0174,Re-contextualized interactive middleware,Apparel,1046.02,S94
P0175,Multi-lateral optimizing forecast,Toys,755.09,S43
P0176,Re-contextualized real-time service-desk,Electronics,1304.52,S02
P0177,Customizable heuristic monitoring,Books,1045.58,S45
P0178,Distributed radical frame,Sports,539.51,S33
P0179,Profound optimizing functionalities,Toys,1212.84,S14
P0180,Optional empowering adapter,Beauty,989.34,S68
P0181,Down-sized national toolset,Books,1340.29,S39
P0182,Mandatory radical secured line,Electronics,1031.97,S58
P0183,Multi-layered object-oriented moderator,Apparel,1235.41,S33
P0184,Assimilated local project,Apparel,916.68,S32
P0185,Object-based background time-frame,Sports,463.87,S73
P0186,Re-contextualized regional knowledgebase,Books,1079.02,S94
P0187,Team-oriented modular neural-net,Beauty,1318.24,S29
P0188,Grass-roots methodical synergy,Toys,620.83,S32
P0189,Total client-server moratorium,Beauty,420.61,S94
P0190,Distributed zero administration forecast,Sports,159.91,S51
P0191,Phased demand-driven Graphical User Interface,Toys,668.19,S05
P0192,Front-line asynchronous analyzer,Electronics,583.62,S53
P0193,Versatile bottom-line function,Sports,61.08,S19
P0194,Future-proofed motivating analyzer,Beauty,1008.82,S66
P0195,Decentralized high-level website,Home Goods,624.05,S38
P0196,Digitized systematic matrices,Beauty,834.12,S62
P0197,Team-oriented national throughput,Apparel,292.25,S86
P0198,Adaptive intangible functionalities,Toys,982.03,S50
P0199,Polarized dynamic instruction set,Sports,653.14,S44
P0200,Persevering cohesive attitude,Electronics,82.98,S48
P0201,Reduced 3rdgeneration challenge,Electronics,1171.81,S62
P0202,Front-line value-added Internet solution,Home Goods,592.96,S52
P0203,Distributed 3rdgeneration paradigm,Sports,1272.53,S66
P0204,Down-sized secondary success,Toys,6.15,S02
P0205,Distributed clear-thinking firmware,Toys,1382.18,S22
P0206,Networked demand-driven challenge,Electronics,783.72,S75
P0207,Intuitive empowering migration,Sports,287.66,S98
P0208,Customer-focused holistic policy,Toys,753.19,S13
P0209,Integrated clear-thinking secured line,Sports,238.67,S35
P0210,Proactive dedicated archive,Toys,985.73,S45
P0211,Mandatory client-driven workforce,Toys,386.05,S85
P0212,Re-engineered secondary projection,Toys,65.96,S71
P0213,Multi-lateral encompassing toolset,Sports,692.74,S65
P0214,Persevering neutral throughput,Electronics,789.88,S43
P0215,Seamless fresh-thinking system engine,Books,587.36,S28
P0216,Networked bi-directional Graphic Interface,Books,1165.41,S41
P0217,Focused object-oriented model,Electronics,1213.64,S40
P0218,Object-based optimal parallelism,Books,1431.14,S100
P0219,Persistent 6thgeneration structure,Sports,1281.07,S38
P0220,User-centric systematic focus group,Electronics,1479.8,S84
P0221,Robust 3rdgeneration customer loyalty,Books,1164.88,S62
P0222,Programmable asymmetric concept,Toys,355.24,S56
P0223,Universal methodical productivity,Books,576.2,S25
P0224,Optimized global standardization,Apparel,960.6,S44
P0225,Reactive motivating encryption,Toys,638.24,S29
P0226,Synergized leadingedge workforce,Sports,1051.51,S93
P0227,Robust transitional model,Home Goods,1047.33,S30
P0228,Fundamental holistic model,Sports,935.66,S31
P0229,Open-source heuristic application,Toys,283.58,S86
P0230,Diverse heuristic throughput,Toys,831.92,S07
P0231,Secured global protocol,Apparel,1131.37,S10
P0232,Synergized exuding access,Apparel,937.36,S82
P0233,Versatile national projection,Toys,669.44,S83
P0234,Organic bi-directional functionalities,Electronics,92.92,S69
P0235,Open-source multimedia task-force,Apparel,238.85,S98
P0236,Managed needs-based encryption,Apparel,348.94,S07
P0237,Cross-group systemic architecture,Books,39.44,S58
P0238,Cross-group neutral neural-net,Home Goods,1463.23,S26
P0239,Enterprise-wide contextually-based hub,Sports,157.17,S66
P0240,Assimilated upward-trending ability,Beauty,847.28,S31
P0241,Re-contextualized motivating conglomeration,Electronics,578.74,S33
P0242,Operative value-added firmware,Apparel,1293.05,S34
P0243,Assimilated scalable pricing structure,Beauty,649.63,S92
P0244,Optional fresh-thinking strategy,Sports,963.04,S32
P0245,Visionary stable productivity,Sports,234.22,S19
P0246,Down-sized optimizing array,Apparel,1434.81,S75
P0247,Balanced context-sensitive infrastructure,Sports,588.75,S38
P0248,Extended encompassing standardization,Electronics,352.34,S40
P0249,Stand-alone high-level archive,Beauty,1134.12,S60
P0250,Implemented clear-thinking algorithm,Toys,624.24,S26
P0251,Total multimedia product,Electronics,702.45,S38
P0252,Focused 24hour concept,Toys,1308.62,S25
P0253,Exclusive system-worthy firmware,Sports,718.12,S72
P0254,Integrated multi-state knowledge user,Books,1078.4,S18
P0255,Vision-oriented systemic interface,Apparel,765.92,S40
P0256,Front-line directional Graphical User Interface,Apparel,262.21,S97
P0257,Horizontal user-facing installation,Apparel,85.08,S08
P0258,Compatible stable secured line,Apparel,574.64,S88
P0259,Persistent interactive workforce,Books,703.52,S01
P0260,Reduced global interface,Sports,385.65,S77
P0261,Operative demand-driven ability,Sports,1434.26,S72
P0262,Synergistic scalable Internet solution,Apparel,217.02,S32
P0263,Profound full-range moderator,Beauty,154.75,S68
P0264,Mandatory human-resource ability,Toys,1400.23,S36
P0265,Universal needs-based framework,Apparel,556.72,S64
P0266,Switchable clear-thinking methodology,Sports,174.46,S38
P0267,Stand-alone attitude-oriented application,Electronics,77.44,S92
P0268,Implemented hybrid functionalities,Electronics,1060.93,S43
P0269,Vision-oriented clear-thinking projection,Electronics,552.66,S64
P0270,Compatible contextually-based access,Books,1149.6,S26
P0271,Operative didactic time-frame,Sports,1031.56,S28
P0272,Phased fault-tolerant workforce,Books,261.55,S05
P0273,Visionary holistic firmware,Sports,1123.33,S46
P0274,Streamlined multi-state solution,Books,555.91,S64
P0275,Re-contextualized logistical hierarchy,Beauty,992.3,S64
P0276,Pre-emptive homogeneous model,Beauty,842.02,S32
P0277,Multi-lateral contextually-based structure,Apparel,324.95,S32
P0278,Cross-platform encompassing customer loyalty,Toys,1395.14,S84
P0279,Exclusive asynchronous system engine,Electronics,505.11,S36
P0280,Re-contextualized 24hour Graphical User Interface,Apparel,970.34,S84
P0281,User-friendly 3rdgeneration paradigm,Home Goods,239.97,S66
P0282,Organized solution-oriented superstructure,Electronics,704.08,S76
P0283,Upgradable local frame,Electronics,1152.15,S66
P0284,Polarized static Graphical User Interface,Sports,536.42,S56
P0285,Persevering intangible architecture,Books,797.91,S25
P0286,Programmable impactful capacity,Electronics,1371.56,S83
P0287,Mandatory fault-tolerant conglomeration,Beauty,1218.94,S37
P0288,Grass-roots fault-tolerant info-mediaries,Toys,951.6,S85
P0289,Adaptive dynamic secured line,Toys,721.71,S98
P0290,Open-source multimedia collaboration,Beauty,566.94,S68
P0291,Up-sized executive alliance,Books,1011.79,S40
P0292,Devolved encompassing frame,Toys,1140.01,S67
P0293,Cross-platform global open system,Sports,66.13,S07
P0294,Versatile background orchestration,Apparel,249.56,S26
P0295,Distributed client-server adapter,Sports,869.81,S52
P0296,Implemented bandwidth-monitored orchestration,Beauty,239.22,S39
P0297,Function-based regional customer loyalty,Electronics,588.97,S38
P0298,Profit-focused clear-thinking Internet solution,Beauty,477.41,S89
P0299,User-friendly analyzing model,Home Goods,378.51,S49
P0300,Optimized disintermediate matrix,Sports,491.63,S10
P0301,Devolved content-based access,Toys,882.96,S97
P0302,Intuitive leadingedge task-force,Home Goods,1007.99,S08
P0303,Inverse object-oriented frame,Home Goods,1390.29,S98
P0304,Fully-configurable hybrid methodology,Electronics,595.31,S69
P0305,Persevering analyzing process improvement,Toys,645.46,S09
P0306,Face-to-face context-sensitive attitude,Sports,1483.68,S84
P0307,De-engineered national process improvement,Toys,659.43,S78
P0308,Quality-focused executive framework,Electronics,970.59,S62
P0309,Optional methodical emulation,Apparel,1151.73,S92
P0310,Distributed directional service-desk,Sports,353.04,S62
P0311,Object-based full-range website,Electronics,1447.81,S87
P0312,Realigned asymmetric conglomeration,Home Goods,627.04,S04
P0313,Upgradable object-oriented matrix,Beauty,666.24,S23
P0314,Progressive content-based projection,Beauty,1134.39,S59
P0315,Right-sized regional capability,Home Goods,1474.68,S44
P0316,Advanced executive forecast,Home Goods,953.95,S89
P0317,Adaptive uniform matrix,Beauty,1398.94,S38
P0318,Object-based non-volatile productivity,Sports,852.64,S20
P0319,Right-sized neutral focus group,Apparel,507.47,S95
P0320,Implemented disintermediate intranet,Toys,442.69,S05
P0321,Expanded user-facing emulation,Toys,1223.9,S50
P0322,Customer-focused incremental synergy,Toys,486.06,S63
P0323,Reduced scalable synergy,Beauty,764.52,S79
P0324,Multi-lateral incremental capacity,Home Goods,415.71,S81
P0325,Face-to-face object-oriented system engine,Beauty,326.11,S61
P0326,Synergized holistic function,Sports,334.3,S56
P0327,Centralized context-sensitive interface,Books,1282.59,S32
P0328,Front-line reciprocal toolset,Electronics,232.32,S90
P0329,Robust 24hour parallelism,Toys,811.97,S88
P0330,Networked dynamic instruction set,Electronics,805.82,S19
P0331,Integrated user-facing migration,Books,492.43,S67
P0332,Advanced needs-based website,Electronics,137.13,S25
P0333,Integrated tangible service-desk,Electronics,138.34,S52
P0334,Focused dynamic matrices,Toys,274.98,S05
P0335,Down-sized motivating open architecture,Books,236.02,S81
P0336,Distributed hybrid function,Home Goods,969.7,S93
P0337,Implemented tangible middleware,Beauty,231.64,S01
P0338,Automated 4thgeneration middleware,Books,779.28,S79
P0339,Decentralized client-server circuit,Toys,1222.44,S59
P0340,Reverse-engineered content-based artificial intelligence,Electronics,305.38,S27
P0341,Cross-platform eco-centric service-desk,Beauty,645.59,S69
P0342,Secured non-volatile throughput,Electronics,593.05,S68
P0343,Fundamental dedicated process improvement,Toys,509.87,S36
P0344,Managed discrete superstructure,Sports,1437.35,S56
P0345,Inverse zero administration encoding,Toys,1056.39,S65
P0346,Multi-lateral bi-directional throughput,Sports,1388.13,S15
P0347,Ameliorated high-level functionalities,Beauty,907.28,S98
P0348,Exclusive solution-oriented functionalities,Home Goods,526.97,S92
P0349,Pre-emptive uniform toolset,Apparel,272.98,S91
P0350,Advanced neutral core,Electronics,65.24,S16
P0351,Programmable encompassing middleware,Home Goods,156.55,S69
P0352,Configurable 3rdgeneration parallelism,Sports,702.27,S48
P0353,Reverse-engineered demand-driven workforce,Home Goods,870.59,S28
P0354,Focused methodical initiative,Sports,589.79,S17
P0355,Self-enabling multimedia implementation,Beauty,1445.18,S26
P0356,Innovative stable projection,Apparel,724.91,S47
P0357,Front-line solution-oriented neural-net,Beauty,528.46,S75
P0358,Integrated well-modulated process improvement,Home Goods,1223.12,S05
P0359,Sharable solution-oriented task-force,Toys,714.62,S39
P0360,Focused bandwidth-monitored budgetary management,Sports,980.63,S52
P0361,Up-sized next generation protocol,Books,924.51,S98
P0362,Sharable 3rdgeneration middleware,Sports,168.96,S33
P0363,Vision-oriented 24hour time-frame,Sports,974.19,S43
P0364,Progressive analyzing framework,Beauty,1182.4,S85
P0365,Monitored even-keeled matrix,Toys,1437.75,S89
P0366,Versatile even-keeled access,Toys,498.26,S87
P0367,Object-based asynchronous approach,Electronics,1280.16,S35
P0368,Cross-platform bifurcated intranet,Apparel,1334.23,S65
P0369,Managed mobile toolset,Electronics,1474.35,S33
P0370,Open-source client-server time-frame,Apparel,1279.1,S100
P0371,Phased impactful firmware,Beauty,355.48,S22
P0372,Self-enabling zero administration info-mediaries,Apparel,474.7,S75
P0373,Balanced leadingedge moderator,Apparel,67.57,S07
P0374,Stand-alone solution-oriented structure,Books,1447.01,S21
P0375,Up-sized systematic open system,Toys,326.21,S60
P0376,Fully-configurable zero tolerance forecast,Apparel,812.41,S22
P0377,Optional holistic superstructure,Toys,1442.59,S78
P0378,Seamless didactic knowledgebase,Beauty,686.16,S39
P0379,Organic modular application,Beauty,1316.68,S34
P0380,Open-architected attitude-oriented customer loyalty,Toys,516.77,S07
P0381,Digitized directional challenge,Home Goods,324.92,S72
P0382,Cross-group systemic core,Sports,1038.62,S86
P0383,Future-proofed static instruction set,Home Goods,577.89,S76
P0384,Total human-resource neural-net,Beauty,310.75,S48
P0385,Synchronized encompassing knowledge user,Electronics,748.35,S64
P0386,Re-engineered fresh-thinking definition,Books,275.67,S84
P0387,Polarized upward-trending standardization,Apparel,1279.51,S27
P0388,Profit-focused bottom-line utilization,Sports,529.74,S56
P0389,Future-proofed coherent system engine,Toys,68.57,S48
P0390,Multi-layered well-modulated forecast,Books,947.57,S58
P0391,Grass-roots user-facing paradigm,Electronics,147.36,S96
P0392,Reactive attitude-oriented knowledgebase,Beauty,548.52,S87
P0393,Public-key executive success,Sports,507.87,S14
P0394,Organic disintermediate protocol,Sports,1267.68,S53
P0395,Secured regional interface,Books,297.89,S65
P0396,Expanded discrete Internet solution,Toys,198.36,S39
P0397,Integrated global structure,Beauty,1361.5,S13
P0398,Synergistic bifurcated encryption,Electronics,1101.86,S98
P0399,Cross-platform directional toolset,Beauty,636.2,S99
P0400,Customizable dedicated focus group,Books,750.98,S45
P0401,Fully-configurable high-level middleware,Toys,1092.02,S77
P0402,Total dynamic time-frame,Beauty,382.65,S72
P0403,Synergized systemic array,Electronics,189.05,S31
P0404,Proactive bandwidth-monitored approach,Sports,1215.41,S18
P0405,Stand-alone background task-force,Beauty,1022.93,S59
P0406,Grass-roots incremental orchestration,Beauty,430.07,S66
P0407,Phased needs-based initiative,Beauty,346.1,S78
P0408,Down-sized full-range budgetary management,Electronics,304.18,S55
P0409,Cross-platform 24hour artificial intelligence,Beauty,648.42,S62
P0410,Polarized cohesive structure,Apparel,378.18,S83
P0411,Pre-emptive client-driven software,Beauty,1413.73,S93
P0412,Re-contextualized fresh-thinking core,Sports,590.18,S82
P0413,Customizable holistic moratorium,Electronics,737.65,S91
P0414,User-centric tertiary benchmark,Electronics,930.71,S30
P0415,Innovative explicit capacity,Sports,808.24,S11
P0416,Face-to-face disintermediate algorithm,Home Goods,723.63,S37
P0417,Quality-focused dynamic orchestration,Beauty,1197.97,S75
P0418,Face-to-face next generation frame,Home Goods,36.52,S89
P0419,Operative analyzing neural-net,Apparel,470.13,S80
P0420,Exclusive zero tolerance portal,Apparel,816.18,S91
P0421,Integrated maximized intranet,Home Goods,402.92,S82
P0422,Down-sized heuristic moratorium,Toys,317.42,S85
P0423,Stand-alone mission-critical hardware,Sports,301.8,S08
P0424,Ameliorated bi-directional Graphic Interface,Beauty,409.32,S95
P0425,Right-sized needs-based encoding,Sports,565.05,S14
P0426,Team-oriented holistic hardware,Apparel,525.5,S28
P0427,Expanded multimedia leverage,Electronics,1106.86,S84
P0428,Face-to-face secondary capability,Books,70.79,S99
P0429,Object-based client-driven Graphical User Interface,Electronics,1024.97,S47
P0430,Ergonomic transitional leverage,Books,670.85,S45
P0431,Customizable holistic capacity,Apparel,1337.21,S31
P0432,Integrated mission-critical encryption,Books,1184.92,S91
P0433,Organized non-volatile solution,Home Goods,29.36,S98
P0434,Progressive bandwidth-monitored firmware,Home Goods,732.48,S17
P0435,Open-source 5thgeneration methodology,Electronics,543.99,S96
P0436,Business-focused upward-trending forecast,Electronics,191.98,S01
P0437,Extended modular array,Sports,1452.52,S05
P0438,Profit-focused neutral database,Books,1428.91,S16
P0439,Persevering next generation definition,Home Goods,1315.48,S29
P0440,Stand-alone bifurcated help-desk,Beauty,207.92,S35
P0441,De-engineered motivating parallelism,Home Goods,1472.04,S86
P0442,Triple-buffered eco-centric benchmark,Home Goods,1228.82,S83
P0443,Networked mobile Internet solution,Beauty,980.63,S47
P0444,Mandatory maximized time-frame,Toys,229.74,S58
P0445,Horizontal web-enabled intranet,Apparel,317.01,S85
P0446,Digitized incremental matrix,Books,1146.71,S56
P0447,Streamlined static focus group,Toys,505.35,S58
P0448,Right-sized upward-trending application,Home Goods,499.04,S62
P0449,Optional 6thgeneration info-mediaries,Electronics,1388.38,S64
P0450,Up-sized next generation adapter,Electronics,478.23,S91
P0451,Reduced bandwidth-monitored archive,Books,26.89,S22
P0452,Versatile value-added core,Sports,171.54,S83
P0453,Organic zero tolerance artificial intelligence,Sports,1229.44,S56
P0454,Phased motivating moderator,Home Goods,166.63,S37
P0455,Ergonomic executive Graphic Interface,Apparel,1180.4,S23
P0456,Grass-roots maximized monitoring,Home Goods,1049.49,S87
P0457,Inverse holistic projection,Sports,675.7,S87
P0458,Expanded 5thgeneration core,Electronics,42.41,S12
P0459,Cross-platform asynchronous framework,Apparel,272.46,S20
P0460,Programmable 4thgeneration product,Books,58.54,S99
P0461,Digitized client-server paradigm,Apparel,1276.15,S10
P0462,Compatible encompassing migration,Books,298.72,S98
P0463,Inverse systematic solution,Apparel,1061.0,S82
P0464,Front-line zero-defect flexibility,Electronics,798.89,S70
P0465,Vision-oriented 24/7 hierarchy,Beauty,1233.67,S89
P0466,Fully-configurable hybrid analyzer,Apparel,1418.58,S69
P0467,Optional multi-state leverage,Electronics,1346.15,S48
P0468,Progressive didactic Graphical User Interface,Electronics,1182.53,S16
P0469,Future-proofed 6thgeneration firmware,Apparel,403.52,S35
P0470,Compatible tertiary initiative,Toys,77.18,S83
P0471,Public-key tangible matrices,Beauty,366.63,S39
P0472,Multi-layered didactic focus group,Sports,339.71,S97
P0473,Versatile full-range Internet solution,Electronics,1157.72,S95
P0474,Compatible 6thgeneration encoding,Books,1141.06,S38
P0475,Pre-emptive zero administration initiative,Beauty,1467.71,S100
P0476,Stand-alone neutral matrices,Toys,549.24,S87
P0477,Open-source transitional customer loyalty,Home Goods,1457.02,S44
P0478,Total neutral policy,Beauty,115.2,S75
P0479,Versatile real-time pricing structure,Books,411.94,S14
P0480,Persistent eco-centric Graphical User Interface,Apparel,746.89,S26
P0481,Ergonomic didactic matrices,Electronics,459.18,S13
P0482,Adaptive bifurcated orchestration,Beauty,1232.82,S18
P0483,Profound disintermediate complexity,Toys,658.4,S59
P0484,Monitored leadingedge infrastructure,Books,1464.37,S03
P0485,Optional multi-state budgetary management,Beauty,433.98,S08
P0486,Visionary user-facing benchmark,Books,677.67,S77
P0487,Decentralized static forecast,Books,733.22,S51
P0488,Inverse intangible contingency,Toys,1282.82,S40
P0489,Synchronized multimedia Graphical User Interface,Toys,443.23,S44
P0490,Operative client-server extranet,Sports,1215.94,S28
P0491,Intuitive exuding infrastructure,Beauty,793.45,S41
P0492,Fundamental 24/7 software,Toys,272.48,S12
P0493,Multi-channeled bandwidth-monitored system engine,Home Goods,1458.98,S82
P0494,Open-architected discrete matrices,Apparel,1222.23,S05
P0495,Innovative motivating focus group,Beauty,1410.08,S74
P0496,De-engineered background success,Sports,207.48,S24
P0497,Versatile neutral instruction set,Beauty,821.96,S54
P0498,Vision-oriented cohesive Graphical User Interface,Apparel,181.0,S03
P0499,Fundamental zero-defect leverage,Beauty,917.19,S81
P0500,Digitized client-server matrices,Home Goods,746.47,S52
P0501,Total upward-trending Local Area Network,Electronics,1026.17,S13
P0502,Realigned neutral pricing structure,Sports,706.62,S34
P0503,Quality-focused multimedia middleware,Beauty,311.58,S23
P0504,Right-sized encompassing core,Electronics,1068.1,S73
P0505,Cross-platform non-volatile open system,Electronics,93.06,S29
P0506,Customer-focused maximized task-force,Books,272.08,S12
P0507,Reactive bi-directional Graphic Interface,Sports,160.08,S21
P0508,Multi-channeled full-range application,Sports,500.06,S96
P0509,Managed content-based monitoring,Home Goods,377.36,S48
P0510,Virtual grid-enabled project,Apparel,157.96,S67
P0511,Synergistic disintermediate hardware,Sports,88.66,S24
P0512,Advanced uniform collaboration,Home Goods,244.98,S75
P0513,Proactive non-volatile synergy,Beauty,249.11,S40
P0514,Enterprise-wide incremental structure,Beauty,84.96,S03
P0515,Object-based attitude-oriented time-frame,Electronics,469.92,S64
P0516,Phased human-resource emulation,Home Goods,1182.04,S50
P0517,Synergized bi-directional frame,Beauty,747.61,S57
P0518,Cloned composite application,Books,1479.75,S07
P0519,Expanded full-range focus group,Sports,56.65,S43
P0520,Fundamental eco-centric benchmark,Toys,657.44,S42
P0521,Switchable local portal,Home Goods,759.73,S80
P0522,Customer-focused zero-defect knowledgebase,Beauty,1080.69,S98
P0523,Vision-oriented dynamic function,Sports,1233.41,S31
P0524,Cross-platform systemic access,Home Goods,1004.25,S80
P0525,Sharable actuating open architecture,Toys,928.34,S48
P0526,Reduced coherent encryption,Home Goods,533.25,S06
P0527,Team-oriented modular strategy,Beauty,478.61,S75
P0528,Fundamental high-level neural-net,Books,1364.63,S48
P0529,Focused full-range task-force,Beauty,1242.98,S08
P0530,Synchronized national parallelism,Beauty,1153.8,S54
P0531,Managed web-enabled structure,Electronics,988.16,S68
P0532,User-centric homogeneous paradigm,Toys,922.08,S89
P0533,User-centric user-facing benchmark,Home Goods,1277.18,S64
P0534,Customer-focused bottom-line hardware,Sports,660.95,S83
P0535,Reverse-engineered 4thgeneration complexity,Beauty,84.85,S30
P0536,Focused radical monitoring,Beauty,427.23,S96
P0537,Team-oriented zero-defect projection,Books,1169.65,S30
P0538,Synergized hybrid artificial intelligence,Home Goods,1076.4,S47
P0539,Versatile bifurcated leverage,Books,1030.63,S89
P0540,Switchable scalable Graphic Interface,Electronics,1498.82,S29
P0541,Triple-buffered bifurcated alliance,Beauty,856.81,S41
P0542,Secured content-based hub,Electronics,1430.97,S37
P0543,Virtual asymmetric strategy,Apparel,1376.78,S28
P0544,Intuitive object-oriented initiative,Home Goods,1003.2,S14
P0545,Sharable modular website,Beauty,178.44,S48
P0546,Exclusive zero-defect orchestration,Beauty,25.42,S61
P0547,Universal full-range definition,Books,628.02,S84
P0548,Optional tertiary encoding,Books,370.1,S19
P0549,Self-enabling regional matrix,Apparel,1033.15,S16
P0550,Centralized bottom-line service-desk,Books,521.56,S13
P0551,Progressive attitude-oriented process improvement,Apparel,756.21,S80
P0552,Re-contextualized client-server Local Area Network,Books,1325.44,S31
P0553,Down-sized neutral core,Books,1244.86,S21
P0554,Re-contextualized intermediate open architecture,Sports,1310.71,S54
P0555,Virtual directional forecast,Home Goods,932.08,S05
P0556,Inverse maximized interface,Apparel,890.4,S22
P0557,Assimilated dynamic frame,Home Goods,1408.58,S40
P0558,Mandatory hybrid interface,Apparel,864.12,S53
P0559,Right-sized zero administration secured line,Beauty,1410.14,S85
P0560,Reduced clear-thinking function,Toys,745.85,S84
P0561,Open-source executive pricing structure,Home Goods,315.94,S60
P0562,Organized methodical archive,Home Goods,648.61,S07
P0563,Ergonomic fault-tolerant core,Toys,1309.26,S52
P0564,De-engineered full-range encryption,Electronics,1400.56,S72
P0565,Visionary regional implementation,Beauty,501.15,S64
P0566,Re-engineered optimal hub,Books,412.45,S01
P0567,Profit-focused modular standardization,Toys,30.88,S78
P0568,Intuitive human-resource architecture,Beauty,482.33,S13
P0569,Face-to-face disintermediate solution,Apparel,818.96,S65
P0570,Advanced impactful collaboration,Beauty,477.03,S66
P0571,Streamlined content-based forecast,Toys,939.24,S44
P0572,Automated logistical help-desk,Apparel,812.89,S74
P0573,Innovative encompassing software,Home Goods,721.89,S36
P0574,Face-to-face scalable forecast,Beauty,522.87,S31
P0575,Upgradable client-driven customer loyalty,Sports,1110.45,S46
P0576,Visionary explicit open system,Sports,513.97,S40
P0577,Programmable upward-trending customer loyalty,Books,21.1,S66
P0578,Automated object-oriented infrastructure,Beauty,1361.38,S34
P0579,Profit-focused systemic capability,Toys,1227.11,S29
P0580,Digitized stable service-desk,Sports,319.2,S04
P0581,Operative encompassing secured line,Apparel,907.57,S79
P0582,Expanded bifurcated system engine,Books,183.46,S32
P0583,Streamlined empowering attitude,Toys,206.12,S50
P0584,De-engineered systematic access,Apparel,1388.27,S03
P0585,Open-source composite flexibility,Books,1120.89,S87
P0586,User-friendly 6thgeneration forecast,Apparel,671.07,S55
P0587,Vision-oriented interactive portal,Apparel,903.98,S52
P0588,Universal background solution,Sports,832.59,S73
P0589,Visionary grid-enabled website,Beauty,1072.19,S52
P0590,Secured executive capability,Toys,538.08,S41
P0591,Devolved mobile groupware,Apparel,341.21,S27
P0592,User-friendly zero administration hierarchy,Books,610.05,S46
P0593,Realigned fresh-thinking policy,Toys,892.7,S09
P0594,Centralized bandwidth-monitored archive,Books,494.75,S86
P0595,Multi-channeled heuristic projection,Toys,822.45,S50
P0596,Reverse-engineered directional system engine,Sports,1243.82,S78
P0597,Re-contextualized eco-centric forecast,Apparel,1127.2,S98
P0598,Persevering logistical project,Apparel,1485.38,S20
P0599,Object-based modular productivity,Home Goods,1496.43,S16
P0600,Devolved context-sensitive emulation,Apparel,1357.88,S75
P0601,Re-contextualized even-keeled interface,Books,611.39,S22
P0602,Synergized scalable complexity,Sports,1199.38,S64
P0603,Assimilated incremental policy,Electronics,977.15,S26
P0604,Multi-layered mission-critical budgetary management,Apparel,770.94,S07
P0605,Managed 24hour access,Apparel,806.14,S13
P0606,Devolved 3rdgeneration model,Electronics,1311.2,S77
P0607,Self-enabling multimedia customer loyalty,Apparel,1235.2,S38
P0608,Operative background secured line,Toys,1308.79,S99
P0609,Team-oriented zero-defect open system,Toys,487.04,S70
P0610,Devolved contextually-based parallelism,Toys,987.34,S19
P0611,Cross-platform upward-trending instruction set,Toys,1201.66,S71
P0612,Re-contextualized bottom-line functionalities,Home Goods,1499.18,S10
P0613,Stand-alone logistical website,Home Goods,1027.95,S51
P0614,Enhanced stable installation,Toys,589.36,S17
P0615,Reverse-engineered multi-state methodology,Apparel,1069.73,S54
P0616,Profound 5thgeneration throughput,Electronics,804.73,S59
P0617,Open-source transitional productivity,Books,514.82,S77
P0618,Cross-platform modular standardization,Home Goods,788.98,S62
P0619,User-friendly dedicated capability,Electronics,115.15,S90
P0620,Persevering systematic function,Apparel,160.2,S02
P0621,Optional local hardware,Books,751.9,S90
P0622,Networked explicit task-force,Sports,318.11,S41
P0623,Enterprise-wide multi-state interface,Electronics,839.38,S47
P0624,Multi-tiered 24hour extranet,Toys,695.21,S44
P0625,Balanced well-modulated extranet,Electronics,794.66,S81
P0626,Business-focused clear-thinking adapter,Books,21.67,S66
P0627,Compatible 24/7 projection,Apparel,1217.14,S66
P0628,Assimilated modular throughput,Beauty,89.75,S64
P0629,Seamless national neural-net,Electronics,1067.71,S85
P0630,Configurable zero tolerance application,Toys,66.7,S66
P0631,Public-key real-time artificial intelligence,Toys,1058.4,S80
P0632,Up-sized mobile website,Electronics,1303.45,S08
P0633,Networked encompassing software,Apparel,393.06,S31
P0634,Object-based contextually-based data-warehouse,Apparel,65.19,S92
P0635,Sharable upward-trending contingency,Electronics,12.27,S90
P0636,Fundamental heuristic framework,Beauty,745.94,S57
P0637,Automated human-resource parallelism,Electronics,811.74,S54
P0638,Ameliorated motivating secured line,Beauty,989.97,S28
P0639,Synergistic 24/7 access,Books,1495.4,S57
P0640,Robust executive frame,Home Goods,521.88,S51
P0641,Automated next generation matrix,Beauty,425.23,S39
P0642,Persistent optimizing encoding,Home Goods,845.57,S54
P0643,Expanded eco-centric parallelism,Apparel,1003.92,S27
P0644,Customizable bifurcated software,Electronics,367.71,S14
P0645,Centralized next generation core,Toys,1109.84,S78
P0646,Synchronized well-modulated definition,Beauty,467.76,S84
P0647,User-friendly stable collaboration,Toys,768.13,S31
P0648,Customizable scalable extranet,Beauty,287.13,S68
P0649,Versatile national attitude,Electronics,1452.65,S32
P0650,Team-oriented bandwidth-monitored Graphic Interface,Sports,741.3,S67
P0651,Team-oriented transitional workforce,Sports,829.87,S05
P0652,Programmable logistical productivity,Sports,1287.57,S55
P0653,Realigned high-level standardization,Home Goods,1445.28,S12
P0654,Seamless dynamic installation,Beauty,327.7,S91
P0655,Vision-oriented scalable artificial intelligence,Beauty,1496.52,S48
P0656,Reverse-engineered modular website,Beauty,200.19,S41
P0657,Centralized client-driven moratorium,Sports,814.46,S35
P0658,Visionary solution-oriented parallelism,Sports,589.0,S08
P0659,Synchronized 4thgeneration benchmark,Apparel,226.2,S70
P0660,Automated discrete website,Electronics,952.13,S09
P0661,Devolved holistic website,Books,426.24,S47
P0662,Decentralized analyzing complexity,Toys,1199.8,S09
P0663,Object-based value-added complexity,Apparel,239.62,S33
P0664,Right-sized composite system engine,Sports,317.65,S11
P0665,Synergistic web-enabled neural-net,Apparel,94.36,S33
P0666,Open-source systematic frame,Home Goods,1162.05,S34
P0667,Re-engineered directional task-force,Apparel,112.72,S57
P0668,Exclusive intermediate Graphical User Interface,Toys,1080.19,S44
P0669,Decentralized didactic time-frame,Beauty,1144.85,S77
P0670,Operative tangible approach,Electronics,574.08,S52
P0671,Grass-roots client-server encryption,Toys,547.32,S68
P0672,Organized fault-tolerant architecture,Electronics,1402.95,S89
P0673,Innovative dedicated orchestration,Electronics,1096.48,S97
P0674,Expanded encompassing orchestration,Sports,726.42,S32
P0675,Upgradable heuristic Internet solution,Sports,819.9,S84
P0676,Reverse-engineered heuristic infrastructure,Books,323.67,S37
P0677,Multi-layered real-time task-force,Books,336.38,S55
P0678,Profit-focused neutral flexibility,Beauty,446.23,S95
P0679,Cross-group executive toolset,Home Goods,129.84,S28
P0680,Exclusive 3rdgeneration middleware,Beauty,754.99,S60
P0681,Intuitive mission-critical intranet,Home Goods,937.81,S91
P0682,Innovative analyzing capacity,Apparel,444.36,S98
P0683,Persevering 4thgeneration intranet,Sports,557.53,S73
P0684,Re-contextualized bandwidth-monitored complexity,Electronics,1152.41,S87
P0685,Multi-layered system-worthy data-warehouse,Beauty,6.44,S81
P0686,Universal radical policy,Electronics,1108.07,S11
P0687,Optimized real-time instruction set,Apparel,542.39,S96
P0688,Self-enabling upward-trending encryption,Electronics,378.0,S93
P0689,Configurable neutral budgetary management,Books,1217.25,S60
P0690,Extended high-level website,Electronics,184.12,S81
P0691,Persevering zero tolerance model,Books,1410.56,S72
P0692,Robust object-oriented knowledge user,Apparel,423.26,S60
P0693,Reduced 4thgeneration instruction set,Apparel,836.49,S83
P0694,Reactive intangible utilization,Home Goods,47.19,S82
P0695,Operative empowering adapter,Books,196.32,S94
P0696,Profound full-range instruction set,Apparel,138.88,S71
P0697,Monitored object-oriented artificial intelligence,Electronics,1167.69,S96
P0698,Stand-alone content-based task-force,Books,1137.49,S60
P0699,Sharable 6thgeneration adapter,Electronics,992.02,S88
P0700,Stand-alone interactive database,Sports,1481.47,S50
P0701,Future-proofed analyzing customer loyalty,Toys,1030.31,S22
P0702,Optimized asymmetric orchestration,Apparel,646.73,S83
P0703,Operative tertiary architecture,Home Goods,1017.2,S38
P0704,Polarized context-sensitive website,Sports,459.6,S45
P0705,Programmable impactful portal,Books,754.05,S10
P0706,Multi-lateral intermediate emulation,Books,1304.93,S41
P0707,Managed fresh-thinking contingency,Toys,376.01,S30
P0708,Total analyzing budgetary management,Apparel,1368.95,S55
P0709,Organized neutral open architecture,Apparel,771.42,S92
P0710,Public-key demand-driven structure,Sports,755.98,S50
P0711,Integrated intangible pricing structure,Sports,1034.78,S33
P0712,Front-line intermediate moderator,Home Goods,327.27,S68
P0713,Realigned 24/7 projection,Toys,285.78,S36
P0714,Secured full-range frame,Sports,1207.26,S62
P0715,Team-oriented solution-oriented Graphic Interface,Toys,437.33,S03
P0716,Intuitive client-driven hub,Electronics,1462.49,S58
P0717,Multi-tiered exuding archive,Home Goods,354.98,S68
P0718,Versatile composite knowledgebase,Sports,591.43,S41
P0719,Cross-group global emulation,Apparel,1439.03,S53
P0720,Ameliorated bi-directional methodology,Beauty,50.68,S82
P0721,Horizontal heuristic structure,Apparel,1495.84,S92
P0722,De-engineered system-worthy orchestration,Toys,1166.72,S10
P0723,Exclusive grid-enabled emulation,Books,1411.95,S04
P0724,Extended reciprocal standardization,Toys,231.89,S55
P0725,Public-key user-facing time-frame,Books,423.54,S74
P0726,Switchable zero tolerance superstructure,Home Goods,896.05,S13
P0727,Synergistic system-worthy pricing structure,Home Goods,312.08,S62
P0728,Profit-focused background process improvement,Electronics,277.81,S06
P0729,Persevering hybrid adapter,Sports,839.01,S53
P0730,Synergistic encompassing implementation,Home Goods,511.23,S86
P0731,Seamless incremental open architecture,Toys,1020.76,S33
P0732,Total human-resource emulation,Books,20.02,S25
P0733,Multi-lateral stable moderator,Apparel,774.64,S41
P0734,Down-sized context-sensitive access,Home Goods,1013.58,S06
P0735,Upgradable holistic paradigm,Sports,1141.52,S56
P0736,Inverse heuristic portal,Sports,508.51,S60
P0737,Seamless zero tolerance customer loyalty,Apparel,1330.08,S90
P0738,Programmable 6thgeneration benchmark,Beauty,967.03,S78
P0739,Assimilated transitional superstructure,Apparel,480.15,S80
P0740,Stand-alone neutral customer loyalty,Sports,788.86,S44
P0741,Re-engineered user-facing ability,Beauty,1431.78,S90
P0742,Fundamental secondary concept,Sports,14.2,S71
P0743,Down-sized responsive algorithm,Apparel,1180.15,S47
P0744,Enterprise-wide maximized support,Home Goods,733.92,S23
P0745,Advanced system-worthy solution,Apparel,1156.97,S59
P0746,Multi-tiered disintermediate success,Apparel,959.27,S05
P0747,Extended tangible knowledgebase,Beauty,1486.35,S12
P0748,User-friendly cohesive customer loyalty,Books,474.31,S73
P0749,Balanced 5thgeneration conglomeration,Toys,1215.91,S97
P0750,User-friendly intangible budgetary management,Books,549.1,S54
P0751,Focused executive paradigm,Apparel,962.83,S64
P0752,Proactive fault-tolerant parallelism,Home Goods,1439.34,S76
P0753,Exclusive human-resource projection,Toys,199.29,S97
P0754,Optional dedicated budgetary management,Home Goods,1232.01,S74
P0755,Multi-channeled uniform approach,Apparel,956.42,S88
P0756,Stand-alone attitude-oriented capability,Sports,1275.32,S85
P0757,Versatile composite productivity,Toys,770.43,S73
P0758,Stand-alone directional hierarchy,Apparel,1255.74,S34
P0759,Decentralized leadingedge task-force,Apparel,1352.42,S36
P0760,Diverse eco-centric architecture,Sports,21.9,S56
P0761,Business-focused optimal artificial intelligence,Electronics,889.55,S74
P0762,Universal user-facing standardization,Toys,759.77,S46
P0763,Integrated 5thgeneration matrices,Toys,965.99,S02
P0764,Digitized responsive knowledge user,Toys,1144.39,S24
P0765,Customizable intermediate software,Sports,714.53,S84
P0766,Reduced multimedia system engine,Toys,884.27,S96
P0767,Versatile bandwidth-monitored budgetary management,Home Goods,221.97,S88
P0768,Persistent clear-thinking standardization,Sports,1388.48,S47
P0769,Streamlined fault-tolerant data-warehouse,Apparel,413.21,S62
P0770,Upgradable demand-driven project,Home Goods,392.5,S22
P0771,Versatile global encryption,Toys,489.5,S14
P0772,Quality-focused explicit function,Sports,322.57,S95
P0773,Enhanced non-volatile methodology,Sports,956.32,S59
P0774,De-engineered actuating contingency,Home Goods,1208.4,S39
P0775,Versatile directional matrix,Apparel,556.83,S73
P0776,Proactive client-server installation,Electronics,1278.57,S54
P0777,Secured multimedia circuit,Beauty,1015.56,S69
P0778,Mandatory scalable utilization,Books,212.39,S54
P0779,Multi-lateral radical instruction set,Toys,524.41,S35
P0780,Quality-focused even-keeled help-desk,Home Goods,589.99,S87
P0781,Public-key bottom-line definition,Sports,1407.11,S81
P0782,Seamless maximized knowledge user,Sports,1358.08,S29
P0783,Front-line intermediate structure,Sports,866.02,S45
P0784,Cloned radical hierarchy,Toys,566.83,S34
P0785,Diverse high-level superstructure,Home Goods,1023.58,S69
P0786,Configurable maximized system engine,Books,125.04,S14
P0787,Self-enabling actuating framework,Apparel,175.17,S18
P0788,Distributed bi-directional intranet,Books,1358.6,S34
P0789,Inverse user-facing secured line,Beauty,1113.02,S89
P0790,Automated transitional approach,Books,280.57,S67
P0791,Polarized homogeneous help-desk,Beauty,1311.48,S47
P0792,Integrated regional workforce,Beauty,524.04,S16
P0793,Diverse modular throughput,Books,859.49,S89
P0794,Horizontal static function,Beauty,1189.54,S92
P0795,Decentralized heuristic throughput,Home Goods,860.28,S51
P0796,Sharable zero tolerance orchestration,Home Goods,598.5,S80
P0797,Balanced leadingedge methodology,Apparel,142.19,S84
P0798,Progressive web-enabled artificial intelligence,Home Goods,88.81,S52
P0799,Balanced non-volatile concept,Beauty,851.61,S40
P0800,Adaptive interactive capability,Beauty,755.18,S79
P0801,Inverse tertiary software,Sports,301.12,S06
P0802,Total zero tolerance core,Apparel,1046.65,S79
P0803,Automated human-resource policy,Apparel,1487.19,S59
P0804,User-friendly analyzing open architecture,Beauty,366.18,S61
P0805,Digitized logistical methodology,Sports,887.68,S57
P0806,Versatile value-added utilization,Electronics,1147.69,S21
P0807,Synchronized non-volatile forecast,Books,677.7,S26
P0808,Phased secondary hardware,Books,1442.24,S92
P0809,Ameliorated encompassing open architecture,Toys,1213.02,S82
P0810,User-friendly methodical parallelism,Electronics,591.94,S100
P0811,Managed discrete strategy,Sports,445.31,S100
P0812,Innovative disintermediate info-mediaries,Sports,10.1,S99
P0813,Sharable composite knowledge user,Books,540.28,S25
P0814,Virtual modular firmware,Electronics,955.46,S72
P0815,Re-engineered local attitude,Books,295.74,S72
P0816,Ergonomic tertiary emulation,Home Goods,748.7,S49
P0817,Operative optimizing parallelism,Apparel,785.55,S74
P0818,Open-source incremental benchmark,Beauty,886.96,S91
P0819,Advanced content-based customer loyalty,Electronics,305.63,S81
P0820,Intuitive executive contingency,Toys,922.26,S14
P0821,Persevering didactic orchestration,Toys,1367.43,S80
P0822,Secured 6thgeneration productivity,Books,421.58,S10
P0823,Organic global collaboration,Sports,388.44,S02
P0824,Centralized 4thgeneration neural-net,Sports,641.68,S79
P0825,Digitized fresh-thinking capacity,Books,983.84,S56
P0826,De-engineered empowering collaboration,Apparel,1070.1,S48
P0827,Ergonomic solution-oriented system engine,Electronics,1093.74,S91
P0828,Progressive upward-trending orchestration,Sports,609.63,S28
P0829,Self-enabling leadingedge infrastructure,Toys,234.05,S02
P0830,Enhanced 6thgeneration knowledgebase,Sports,909.23,S98
P0831,Advanced optimal infrastructure,Beauty,1029.16,S31
P0832,Object-based intermediate collaboration,Home Goods,1161.9,S90
P0833,Stand-alone eco-centric data-warehouse,Toys,186.43,S97
P0834,Digitized asymmetric product,Toys,1381.72,S06
P0835,Managed next generation hub,Beauty,313.8,S89
P0836,Reverse-engineered value-added data-warehouse,Electronics,835.08,S09
P0837,Reactive systematic superstructure,Beauty,32.11,S55
P0838,Customizable eco-centric moratorium,Books,203.25,S59
P0839,Cross-group maximized initiative,Toys,684.67,S16
P0840,Focused 24/7 success,Sports,945.66,S61
P0841,Mandatory dynamic strategy,Sports,431.12,S26
P0842,Distributed maximized focus group,Apparel,971.23,S97
P0843,Synergized impactful array,Beauty,1118.83,S99
P0844,Inverse object-oriented success,Home Goods,437.92,S22
P0845,Horizontal system-worthy algorithm,Home Goods,1359.03,S82
P0846,Team-oriented bi-directional Internet solution,Toys,219.35,S70
P0847,Cross-platform needs-based database,Apparel,1154.34,S03
P0848,Optimized 24hour collaboration,Apparel,300.92,S13
P0849,Configurable upward-trending algorithm,Electronics,221.28,S20
P0850,Profit-focused hybrid analyzer,Sports,1476.46,S73
P0851,Cross-group asynchronous artificial intelligence,Books,144.61,S55
P0852,Managed web-enabled secured line,Sports,426.99,S01
P0853,Synergistic next generation functionalities,Home Goods,1081.01,S85
P0854,Team-oriented didactic functionalities,Home Goods,224.63,S96
P0855,Public-key directional access,Books,1253.66,S86
P0856,Enterprise-wide object-oriented Local Area Network,Apparel,1204.03,S19
P0857,Advanced optimizing structure,Books,1133.37,S14
P0858,Triple-buffered fresh-thinking leverage,Sports,680.56,S84
P0859,Compatible mobile installation,Electronics,574.88,S88
P0860,Networked logistical Graphical User Interface,Apparel,171.66,S37
P0861,Devolved impactful database,Toys,1381.46,S71
P0862,Team-oriented bandwidth-monitored toolset,Home Goods,347.13,S55
P0863,Total bottom-line focus group,Beauty,1252.62,S01
P0864,Compatible systemic software,Home Goods,467.58,S85
P0865,Sharable next generation functionalities,Apparel,887.14,S44
P0866,Proactive eco-centric synergy,Toys,1186.09,S64
P0867,Fundamental motivating frame,Beauty,806.59,S32
P0868,Universal human-resource functionalities,Beauty,432.86,S89
P0869,User-friendly full-range superstructure,Apparel,703.8,S12
P0870,Multi-layered eco-centric implementation,Books,1292.73,S30
P0871,Horizontal system-worthy definition,Books,1343.83,S16
P0872,User-friendly zero-defect moderator,Books,657.6,S73
P0873,Ameliorated holistic capability,Toys,337.65,S18
P0874,Cloned clear-thinking Local Area Network,Sports,664.04,S33
P0875,Seamless homogeneous task-force,Books,792.8,S35
P0876,Operative object-oriented secured line,Electronics,1384.48,S79
P0877,Organized eco-centric knowledge user,Home Goods,1334.66,S02
P0878,Persevering web-enabled migration,Apparel,1096.21,S72
P0879,Reduced human-resource utilization,Books,598.99,S51
P0880,Upgradable reciprocal firmware,Books,961.71,S54
P0881,Phased optimizing protocol,Books,517.59,S36
P0882,Innovative logistical info-mediaries,Books,398.09,S17
P0883,Expanded motivating throughput,Toys,1466.13,S53
P0884,Profit-focused radical process improvement,Electronics,1127.02,S33
P0885,Upgradable static forecast,Toys,963.61,S13
P0886,Adaptive contextually-based focus group,Sports,281.77,S68
P0887,Grass-roots zero administration implementation,Beauty,175.86,S28
P0888,Implemented 24hour algorithm,Beauty,368.41,S07
P0889,Down-sized demand-driven implementation,Apparel,1010.23,S89
P0890,Polarized bifurcated Graphic Interface,Toys,725.52,S90
P0891,Switchable eco-centric adapter,Apparel,870.31,S81
P0892,Visionary secondary Graphical User Interface,Toys,819.91,S65
P0893,Horizontal discrete success,Home Goods,959.63,S14
P0894,Extended object-oriented functionalities,Beauty,1435.41,S99
P0895,Triple-buffered responsive function,Apparel,617.34,S84
P0896,Managed multi-tasking superstructure,Sports,664.89,S54
P0897,Progressive uniform secured line,Home Goods,852.74,S11
P0898,Balanced stable productivity,Electronics,1093.12,S85
P0899,Integrated multimedia solution,Sports,1312.19,S09
P0900,Programmable background project,Toys,1211.62,S45
P0901,Synergized responsive hub,Apparel,1157.85,S74
P0902,Object-based value-added artificial intelligence,Toys,1029.73,S47
P0903,Centralized local complexity,Toys,439.61,S17
P0904,Cross-group neutral Graphical User Interface,Sports,955.68,S61
P0905,Grass-roots dedicated artificial intelligence,Sports,210.17,S48
P0906,Up-sized cohesive protocol,Home Goods,809.36,S71
P0907,Centralized stable moratorium,Home Goods,1002.92,S09
P0908,Optimized zero administration workforce,Toys,960.61,S20
P0909,Organized neutral definition,Beauty,828.14,S46
P0910,Cross-platform modular approach,Electronics,992.34,S83
P0911,Reduced systemic support,Sports,189.87,S24
P0912,Customizable mission-critical Local Area Network,Beauty,1290.54,S74
P0913,Enterprise-wide system-worthy encryption,Electronics,1376.86,S57
P0914,Persevering empowering frame,Apparel,1072.28,S81
P0915,Devolved motivating structure,Beauty,390.85,S60
P0916,Triple-buffered empowering benchmark,Sports,628.98,S77
P0917,Vision-oriented 24/7 parallelism,Electronics,181.44,S29
P0918,Upgradable tangible flexibility,Books,1415.87,S75
P0919,Sharable scalable Graphic Interface,Beauty,647.52,S33
P0920,Horizontal 5thgeneration matrices,Toys,983.14,S53
P0921,Re-engineered mission-critical emulation,Toys,570.79,S06
P0922,Re-engineered local task-force,Electronics,326.87,S25
P0923,Fully-configurable motivating instruction set,Sports,1374.83,S35
P0924,Secured analyzing open architecture,Books,562.46,S17
P0925,Balanced context-sensitive intranet,Apparel,520.66,S95
P0926,Future-proofed discrete archive,Toys,794.18,S37
P0927,Integrated didactic product,Electronics,324.47,S22
P0928,Total heuristic archive,Sports,1479.42,S02
P0929,Assimilated multi-state capacity,Sports,1163.59,S40
P0930,Seamless optimal productivity,Toys,884.28,S52
P0931,Fundamental clear-thinking support,Electronics,322.03,S76
P0932,Polarized bottom-line emulation,Beauty,54.18,S75
P0933,Digitized analyzing conglomeration,Apparel,1188.86,S42
P0934,Integrated client-server support,Sports,835.44,S62
P0935,Balanced dynamic concept,Toys,54.72,S70
P0936,Universal reciprocal task-force,Sports,1460.79,S28
P0937,Switchable methodical interface,Electronics,1229.18,S95
P0938,Reverse-engineered next generation system engine,Beauty,825.36,S10
P0939,Profound intermediate algorithm,Books,1312.57,S87
P0940,Distributed analyzing service-desk,Home Goods,1038.28,S10
P0941,Profit-focused 3rdgeneration infrastructure,Home Goods,326.77,S11
P0942,Re-engineered motivating initiative,Apparel,22.47,S03
P0943,Assimilated methodical website,Electronics,348.24,S71
P0944,Monitored leadingedge policy,Home Goods,384.32,S16
P0945,Integrated multi-tasking matrices,Electronics,1159.37,S42
P0946,Optional local standardization,Toys,1209.25,S14
P0947,Reverse-engineered multimedia hub,Beauty,289.78,S92
P0948,Cross-group 3rdgeneration instruction set,Toys,160.65,S90
P0949,Proactive upward-trending help-desk,Sports,1025.09,S65
P0950,Cloned regional utilization,Books,7.29,S57
P0951,Quality-focused analyzing projection,Toys,300.47,S31
P0952,Integrated web-enabled algorithm,Sports,263.39,S18
P0953,Robust zero-defect model,Books,1075.82,S88
P0954,Future-proofed content-based infrastructure,Home Goods,350.61,S25
P0955,Pre-emptive modular Local Area Network,Toys,1014.25,S68
P0956,Automated client-driven knowledge user,Home Goods,185.92,S70
P0957,Enhanced reciprocal success,Home Goods,577.62,S52
P0958,Front-line mission-critical knowledgebase,Beauty,484.13,S58
P0959,Proactive modular portal,Electronics,458.68,S19
P0960,Organic solution-oriented focus group,Sports,1326.3,S59
P0961,Vision-oriented intangible customer loyalty,Books,214.66,S78
P0962,Future-proofed contextually-based core,Sports,556.68,S80
P0963,Customer-focused responsive structure,Home Goods,592.3,S60
P0964,Synergistic logistical archive,Sports,356.8,S88
P0965,Cross-group global throughput,Sports,1284.16,S14
P0966,Universal analyzing moderator,Beauty,271.81,S55
P0967,Vision-oriented modular customer loyalty,Apparel,1438.09,S53
P0968,Streamlined demand-driven framework,Apparel,667.99,S65
P0969,De-engineered radical projection,Home Goods,1132.74,S86
P0970,Ameliorated upward-trending middleware,Apparel,281.95,S15
P0971,Inverse multi-state core,Sports,966.33,S15
P0972,Compatible static database,Sports,422.68,S66
P0973,Re-contextualized didactic knowledge user,Home Goods,1176.05,S75
P0974,Mandatory maximized middleware,Home Goods,1087.29,S42
P0975,Organic eco-centric hub,Books,1346.39,S56
P0976,Re-contextualized solution-oriented instruction set,Books,1496.86,S75
P0977,Grass-roots homogeneous hierarchy,Electronics,329.3,S67
P0978,Proactive responsive circuit,Electronics,998.44,S36
P0979,Object-based demand-driven neural-net,Electronics,1441.11,S90
P0980,Profound 3rdgeneration model,Books,190.16,S17
P0981,Networked logistical solution,Home Goods,243.88,S41
P0982,Re-contextualized heuristic strategy,Electronics,932.66,S90
P0983,Ergonomic background Graphic Interface,Books,153.29,S19
P0984,De-engineered attitude-oriented firmware,Books,473.12,S14
P0985,Horizontal high-level frame,Sports,1240.74,S05
P0986,Operative system-worthy middleware,Toys,1209.09,S15
P0987,Open-architected zero-defect software,Beauty,150.56,S83
P0988,Open-source object-oriented software,Books,1179.13,S24
P0989,Intuitive system-worthy middleware,Beauty,757.65,S20
P0990,Balanced transitional projection,Books,716.46,S85
P0991,Streamlined client-server open system,Toys,690.59,S45
P0992,Ergonomic demand-driven success,Home Goods,1450.23,S96
P0993,Face-to-face executive ability,Electronics,388.15,S01
P0994,Virtual reciprocal matrices,Apparel,131.37,S52
P0995,Multi-tiered high-level methodology,Books,525.09,S34
P0996,Persevering secondary task-force,Apparel,1174.37,S76
P0997,De-engineered real-time challenge,Beauty,343.48,S73
P0998,Open-architected systematic knowledgebase,Books,1285.62,S97
P0999,De-engineered attitude-oriented system engine,Electronics,219.36,S09
P1000,Realigned value-added support,Electronics,317.39,S12
